id,x1,x2,x3,x4,x5,x6,x7,x8,x9,x10,x11,x12,x13,x14,x15,x16,x17,x18,x19,x20,x21,x22,x23,newvar,
1,2,0,1,1,1,8.5,3.9,2.5,5.9,4.8,4.9,6,6.8,4.7,4.3,5,5.1,3.7,8.2,8,8.4,65.1,1,3,
2,3,1,0,0,0,8.2,2.7,5.1,7.2,3.4,7.9,3.1,5.3,5.5,4,3.9,4.3,4.9,5.7,6.5,7.5,67.1,0,6,
3,3,0,1,1,1,9.2,3.4,5.6,5.6,5.4,7.4,5.8,4.5,6.2,4.6,5.4,4,4.5,8.9,8.4,9,72.1,1,5,
4,1,1,1,1,0,6.4,3.3,7,3.7,4.7,4.7,4.5,8.8,7,3.6,4.3,4.1,3,4.8,6,7.2,40.1,0,2,
5,2,0,1,0,1,9,3.4,5.2,4.6,2.2,6,4.5,6.8,6.1,4.5,4.5,3.5,3.5,7.1,6.6,9,57.1,0,3,
6,1,1,0,1,0,6.5,2.8,3.1,4.1,4,4.3,3.7,8.5,5.1,9.5,3.6,4.7,3.3,4.7,6.3,6.1,50.1,0,2,
7,1,1,1,1,0,6.9,3.7,5,2.6,2.1,2.3,5.4,8.9,4.8,2.5,2.1,4.2,2,5.7,7.8,7.2,41.1,0,2,
8,2,0,1,1,0,6.2,3.3,3.9,4.8,4.6,3.6,5.1,6.9,5.4,4.8,4.3,6.3,3.7,6.3,5.8,7.7,56.1,0,3,
9,2,1,1,1,0,5.8,3.6,5.1,6.7,3.7,5.9,5.8,9.3,5.9,4.4,4.4,6.1,4.6,7,7.5,8.2,56.1,1,4,
10,1,0,1,1,0,6.4,4.5,5.1,6.1,4.7,5.7,5.7,8.4,5.4,5.3,4.1,5.8,4.4,5.5,5.9,6.7,59.1,0,1,
11,3,0,1,0,1,8.7,3.2,4.6,4.8,2.7,6.8,4.6,6.8,5.8,7.5,3.8,3.7,4,7.4,7,8.4,68.1,0,5,
12,1,0,1,1,0,6.1,4.9,6.3,3.9,4.4,3.9,6.4,8.2,5.8,5.9,3,4.9,3.2,6,6.3,6.6,53.1,0,1,
13,1,1,0,0,1,9.5,5.6,4.6,6.9,5,6.9,6.6,7.6,6.5,5.3,5.1,4.5,4.4,8.4,8.4,7.9,58.1,1,2," 1,000,000.00 "
14,3,1,0,0,1,9.2,3.9,5.7,5.5,2.4,8.4,4.8,7.1,6.7,3,4.5,2.6,4.2,7.6,6.9,8.2,72.1,1,6,
15,2,0,1,1,1,6.3,4.5,4.7,6.9,4.5,6.8,5.9,8.8,6,5.4,4.8,6.2,5.2,8,7,7.6,62.1,1,3,
16,3,0,0,0,0,8.7,3.2,4,6.8,3.2,7.8,3.8,4.9,6.1,5,4.3,3.9,4.5,6.6,6.4,7.1,71.1,0,5,
17,2,1,0,1,1,5.7,4,6.7,6,3.3,5.5,5.1,6.2,6.7,5.4,4.2,6.2,4.5,6.4,7.5,7.2,50.1,1,4,
18,2,0,1,1,0,5.9,4.1,5.5,7.2,3.5,6.4,5.5,8.4,6.2,6.3,5.7,5.8,4.8,7.4,6.9,8.2,58.1,1,3,
19,2,1,1,1,0,5.6,3.4,5.1,6.4,3.7,5.7,5.6,9.1,5.4,6.1,5,6,4.5,6.8,7.5,7.9,55.1,0,4,
20,3,0,1,1,0,9.1,4.5,3.6,6.4,5.3,5.3,7.1,8.4,5.8,6.7,4.5,6.1,4.4,7.6,8.5,8.8,67.1,1,5,
21,1,0,0,1,0,5.2,3.8,7.1,5.2,3.9,4.3,5,8.4,7.1,4.6,3.3,4.9,3.3,5.4,5.5,7,50.1,0,1,
22,3,1,1,1,1,9.6,5.7,6.8,5.9,5.4,8.3,7.8,4.5,6.4,6.5,4.3,3,4.3,9.9,9.6,9.9,70.1,1,6,
23,2,0,0,0,1,8.6,3.6,7.4,5.1,3.5,7.3,4.7,3.7,6.7,6,4.8,3.4,4,7,7.1,8.1,60.1,0,3,
24,3,0,1,1,1,9.3,2.4,2.6,7.2,2.2,7.2,4.5,6.2,6.4,4.2,6.7,4.4,4.5,8.6,8.1,8,65.1,1,5,
25,1,0,0,1,0,6,4.1,5.3,4.7,3.5,5.3,5.3,8,6.5,3.9,4.7,5.3,4,4.8,4.9,5.5,55.1,0,1,
26,2,0,1,1,0,6.4,3.6,6.6,6.1,4,3.9,5.3,7.1,6.1,3.7,5.6,6.6,3.9,6.6,6.8,7,58.1,0,3,
27,3,0,0,0,0,8.5,3,7.2,5.8,4.1,7.6,3.7,4.8,6.9,6.7,5.3,3.8,4.4,6.3,7.1,7,70.1,0,5,
28,1,1,0,1,0,7,3.3,5.4,5.5,2.6,4.8,4.2,9,6.5,5.9,4.3,5.2,3.7,5.4,5.5,5.6,55.1,0,2,
29,3,0,0,0,0,8.5,3,5.7,6,2.3,7.6,3.7,4.8,5.8,6,5.7,3.8,4.4,6.3,6.9,7.2,70.1,0,5,
30,1,1,1,1,0,7.6,3.6,3,4,5.1,4.2,4.6,7.7,4.9,7.2,4.7,5.5,3.5,5.4,5.5,6.2,52.1,0,2,
31,1,1,0,0,1,6.9,3.4,8.5,4.3,4.5,6.4,4.7,5.2,7.7,3.3,3.7,2.7,3.3,6.1,6.8,7.1,44.1,0,2,
32,1,0,1,1,0,8.1,2.5,7.2,4.5,2.3,5.1,3.8,6.6,6.8,6.1,3,3.5,3,6.4,5.8,6.2,51.1,0,1,
33,1,1,1,1,0,6.7,3.7,6.5,5.3,5.3,5.1,4.9,9.2,5.7,4.2,3.5,4.5,3.4,5.4,6.5,7.6,44.1,0,2,
34,2,1,1,1,0,8,3.3,6.1,5.7,5.5,4.6,4.7,8.7,5.9,3.8,4.7,6.6,4.2,7.3,7.5,9,62.1,1,4,
35,1,0,1,1,0,6.7,4,5.2,3.9,3,5.4,6.8,8.4,6.2,6,2.5,4.3,3.5,6.3,6.6,6.7,54.1,0,1,
36,1,0,0,0,0,8.7,3.2,6.1,4.3,3.5,6.1,2.9,5.6,6.1,6.5,3.1,2.9,2.5,5.4,4.6,7.1,51.1,0,1,
37,2,0,0,0,1,9,3.4,5.9,4.6,3.9,6,4.5,6.8,6.4,4.3,3.9,3.5,3.5,7.1,8,7.2,57.1,0,3,
38,3,0,1,1,1,9.6,4.1,6.2,7.3,2.9,7.7,5.5,7.7,6.1,4.4,5.2,4.6,4.9,8.7,9.9,9.9,77.1,1,5,
39,2,1,1,1,0,8.2,3.6,3.9,6.2,5.8,4.9,5,9,5.2,7.1,4.7,6.9,4.5,7.6,6.9,7.6,65.1,1,4,
40,1,0,0,1,0,6.1,4.9,3,4.8,5.1,3.9,6.4,8.2,5.1,6.8,4.5,4.9,3.2,6,5.5,5.8,53.1,0,1,
41,2,1,1,1,0,8.3,3.4,3.3,5.5,3.1,4.6,5.2,9.1,4.1,1.7,4.6,5.8,3.9,7,7.5,8.4,61.1,1,4,
42,2,1,0,0,1,9.4,3.8,4.7,5.4,3.8,6.5,4.9,8.5,4.9,6.2,4.1,4.5,4.1,7.6,8,7.9,61.1,1,4,
43,3,0,1,0,1,9.3,5.1,4.6,6.8,5.8,6.6,6.3,7.4,5.1,4.1,4.6,4.6,4.3,8.9,7.8,7.6,72.1,1,5,
44,2,1,1,1,1,5.1,5.1,6.6,6.9,4.4,5.4,7.8,5.9,7.2,5.2,4.9,6.3,4.5,7.6,7.9,8.4,55.1,1,4,
45,3,1,0,0,0,8,2.5,4.7,7.1,3.6,7.7,3,5.2,5.1,3.9,4.3,4.2,4.7,5.5,5.6,6.5,65.1,0,6,
46,2,0,1,1,0,5.9,4.1,5.7,5.9,5.8,6.4,5.5,8.4,6.4,5.1,5.2,5.8,4.8,7.4,8.6,7.7,58.1,1,3,
47,3,1,0,0,1,10,4.3,7.1,6.3,2.9,5.4,4.5,3.8,6.7,3.7,5,4,3.5,7.1,8.8,8,67.1,1,6,
48,2,1,1,1,0,5.7,3.8,6.8,7.5,5.7,5.7,6,8.2,6.6,4.8,6.5,7.3,5.2,7.6,7.6,7.1,60.1,0,4,
49,3,0,0,1,1,9.9,3.7,3.7,6.1,4.2,7,6.7,6.8,5.9,7.2,4.5,3.4,3.9,8.7,8.1,8.5,67.1,1,5,
50,3,1,1,0,1,7.9,3.9,4.3,5.8,4.4,6.9,5.8,4.7,5.2,3.6,4.1,4.2,4.3,8.6,7.8,7.6,61.1,1,6,
51,1,0,1,1,0,6.7,3.6,5.9,4.2,3.4,4.7,4.8,7.2,5.7,5.3,4,3.6,2.8,5.4,7.5,7.2,48.1,0,1,
52,3,1,0,0,0,8.2,2.7,3.7,7.4,2.7,7.9,3.1,5.3,5.3,5,4.5,4.3,4.9,5.7,7.1,8.2,67.1,1,6,
53,3,0,1,1,1,9.4,2.5,4.8,6.1,3.2,7.3,4.6,6.3,6.3,9.2,4.7,4.6,4.6,8.7,9,9,66.1,1,5,
54,1,1,0,0,1,6.9,3.4,5.7,4.4,3.3,6.4,4.7,5.2,6.4,4.4,3.2,2.7,3.3,6.1,7,7.2,44.1,0,2,
55,2,1,1,1,0,8,3.3,3.8,5.8,3.2,4.6,4.7,8.7,5.3,4.2,4.9,6.6,4.2,7.3,8.1,8.1,62.1,1,4,
56,3,1,0,0,0,9.3,3.8,7.3,5.7,3.7,6.4,5.5,7.4,6.6,5.9,4.1,3.2,3.4,7.7,7.6,8.9,59.1,1,6,
57,2,0,1,1,1,7.4,5.1,4.8,7.7,4.5,7.2,6.9,9.6,6.4,7.4,5.7,6.5,5.5,9,7.9,8.8,74.1,1,3,
58,3,1,0,0,0,7.6,3.6,5.2,5.8,5.6,6.6,5.4,4.4,6.7,6.4,4.6,3.9,4,8.2,7.5,7.5,58.1,1,6,
59,3,1,0,0,0,10,4.3,5.3,3.7,4.2,5.4,4.5,3.8,6.7,4.5,3.7,4,3.5,7.1,6.5,7,67.1,0,6,
60,3,1,1,1,0,9.9,2.8,7.2,6.9,2.6,5.8,3.5,5.4,6.2,7,5.6,4.9,4,7.9,8.5,8.5,61.1,1,6,
61,3,0,0,0,0,8.7,3.2,8.4,6.1,2.8,7.8,3.8,4.9,7.2,4.5,5.4,3.9,4.5,6.6,6.9,7.2,71.1,1,5,
62,2,0,1,1,1,8.4,3.8,6.7,5,4.5,4.7,5.9,6.7,5.1,4.2,2.7,5,3.6,8,7.6,8.8,63.1,1,3,
63,1,0,0,0,1,8.8,3.9,3.8,5.1,4.3,4.7,4.8,5.8,5,7.2,4.4,3.7,2.9,6.3,5.5,8,44.1,0,1,
64,1,0,1,1,0,7.7,2.2,6.3,4.5,2.4,4.7,3.4,6.2,6,4.7,3.3,3.1,2.6,6,6,8.1,47.1,0,1,
65,1,0,1,1,0,6.6,3.6,5.8,4.1,4.9,4.7,4.8,7.2,6.5,3.9,3.5,3.6,2.8,5.4,6.9,7.1,48.1,0,1,
66,2,1,1,1,0,5.7,3.8,3.5,6.7,5.4,5.7,6,8.2,5.4,5,4.7,7.3,5.2,7.6,6.9,9,60.1,1,4,
67,2,1,0,1,0,5.7,4,7.9,6.4,2.7,5.5,5.1,6.2,7.5,6.4,5,6.2,4.5,6.4,5.6,6.2,50.1,0,4,
68,2,1,0,1,1,5.5,3.7,4.7,5.4,4.3,5.3,4.9,6,5.6,2.5,4.5,5.9,4.3,6.1,6.3,8.2,48.1,0,4,
69,1,1,1,1,0,7.5,3.5,3.8,3.5,2.9,4.1,4.5,7.6,5.1,5.2,4,5.4,3.4,5.2,5.8,5.8,51.1,0,2,
70,2,0,1,1,0,6.4,3.6,2.7,5.3,3.9,3.9,5.3,7.1,5.2,5.5,4.7,6.6,3.9,6.6,6.6,8,58.1,1,3,
71,3,0,0,1,0,9.1,4.5,6.1,5.9,6.3,5.3,7.1,8.4,7.1,5.7,5.4,6.1,4.4,7.6,7.5,7.7,67.1,0,5,
72,1,1,0,0,1,6.7,3.2,3,3.7,4.8,6.3,4.5,5,5.2,2.5,2.9,2.6,3.1,5.8,6,7,43.1,0,2,
73,2,0,1,1,0,6.5,4.3,2.7,6.6,6.5,6.3,6,8.7,4.7,6.3,4.6,5.6,4.6,7.9,6.6,7.9,66.1,0,3,
74,3,0,1,1,1,9.9,3.7,7.5,4.7,5.6,7,6.7,6.8,7.2,4.6,4.1,3.4,3.9,8.6,8.8,9.8,66.1,1,5,
75,2,0,1,1,1,8.5,3.9,5.3,5.5,5,4.9,6,6.8,5.7,3.6,4.4,5.1,3.7,8.2,7,8.4,65.1,1,3,
76,3,0,0,0,0,9.9,3,6.8,5,5.4,5.9,4.8,4.9,7.3,7.6,3.1,4.3,3.8,7.1,6.6,8.9,63.1,1,5,
77,1,0,0,1,1,7.6,3.6,7.6,4.6,4.7,4.6,5,7.4,8.1,6.6,4.5,5.8,3.9,6.4,6.9,7.5,49.1,0,1,
78,2,1,0,0,1,9.4,3.8,7,6.2,4.7,6.5,4.9,8.5,7.3,2.4,4.3,4.5,4.1,7.6,7.3,8,61.1,1,4,
79,3,0,0,0,1,9.3,3.5,6.3,7.6,5.5,7.5,5.9,4.6,6.6,3.1,5.2,4.1,4.6,8.9,7.3,8.1,72.1,1,5,
80,1,1,1,1,0,7.1,3.4,4.9,4.1,4,5,5.9,7.8,6.1,3.5,2.6,3.1,2.7,5.7,5.8,7.6,44.1,0,2,
81,3,0,1,0,0,9.9,3,7.4,4.8,4,5.9,4.8,4.9,5.9,6.9,3.2,4.3,3.8,7.1,7.9,8.8,63.1,0,5,
82,3,0,0,0,0,8.7,3.2,6.4,4.9,2.4,6.8,4.6,6.8,6.3,5.1,4.3,3.7,4,7.4,7.3,8,68.1,1,5,
83,2,0,0,0,1,8.6,2.9,5.8,3.9,2.9,5.6,4,6.3,6.1,4,2.7,3,3,6.6,6.1,8.5,53.1,0,3,
84,1,1,0,1,0,6.4,3.2,6.7,3.6,2.2,2.9,5,8.4,7.3,6.5,2,3.7,1.6,5,5.1,6.5,37.1,0,2,
85,2,0,0,0,1,7.7,2.6,6.7,6.6,1.9,7.2,4.3,5.9,6.5,4.1,4.7,3.9,4.3,8.2,7.5,7.7,52.1,1,3,
86,1,1,1,1,0,7.5,3.5,4.1,4.5,3.5,4.1,4.5,7.6,4.9,2.8,3.4,5.4,3.4,5.2,6,7.2,51.1,0,2,
87,1,0,0,1,0,5,3.6,1.3,3,3.5,4.2,4.9,8.2,4.3,7.6,2.4,4.8,3.1,5.2,5.5,6,48.1,0,1,
88,2,0,0,0,1,7.7,2.6,8,6.7,3.5,7.2,4.3,5.9,6.9,7.7,5.1,3.9,4.3,8.2,7.6,8.2,52.1,0,3,
89,2,1,0,0,1,9.1,3.6,5.5,5.4,4.2,6.2,4.6,8.3,6.5,4.1,4.6,4.3,3.9,7.3,6.5,7.4,59.1,0,4,
90,2,1,0,1,1,5.5,5.5,7.7,7,5.6,5.7,8.2,6.3,7.4,4.9,5.5,6.7,4.9,8.2,7.6,9.3,59.1,1,4,
91,3,1,0,0,0,9.1,3.7,7,4.1,4.4,6.3,5.4,7.3,7.5,4.6,4.4,3,3.3,7.4,7.9,7.9,58.1,1,6,
92,1,1,0,1,0,7.1,4.2,4.1,2.6,2.1,3.3,4.5,9.9,5.5,3.5,2,4,2.4,4.8,5,6.5,51.1,0,2,
93,3,1,1,0,1,9.2,3.9,4.6,5.3,4.2,8.4,4.8,7.1,6.2,6.6,4.4,2.6,4.2,7.6,7.5,8.6,72.1,0,6,
94,3,0,1,1,1,9.3,3.5,5.4,7.8,4.6,7.5,5.9,4.6,6.4,4.9,4.8,4.1,4.6,8.9,7.6,8.9,72.1,1,5,
95,3,1,1,0,0,9.3,3.8,4,4.6,4.7,6.4,5.5,7.4,5.3,4.8,3.6,3.2,3.4,7.7,7.3,8.4,59.1,1,6,
96,1,1,0,0,1,8.6,4.8,5.6,5.3,2.3,6,5.7,6.7,5.8,3.6,4.9,3.6,3.6,7.3,8.1,8.1,50.1,1,2,
97,1,0,0,1,1,7.4,3.4,2.6,5,4.1,4.4,4.8,7.2,4.5,6.4,4.2,5.6,3.7,6.3,5.5,7.2,48.1,0,1,
98,1,0,0,0,1,8.7,3.2,3.3,3.2,3.1,6.1,2.9,5.6,5,4.3,3.1,2.9,2.5,5.4,7,7.7,51.1,0,1,
99,2,1,0,1,1,7.8,4.9,5.8,5.3,5.2,5.3,7.1,7.9,6,5.7,4.3,4.9,3.9,6.4,7.1,7.4,61.1,0,4,
100,2,1,1,1,0,7.9,3,4.4,5.1,5.9,4.2,4.8,9.7,5.7,5.8,3.4,5.4,3.5,6.4,7.3,7,57.1,0,4,
101,1,1,1,1,0,7.6,3.6,4.8,4.9,3.4,4.2,4.6,7.7,6.1,5.1,3.1,5.5,3.5,5.4,5.5,6.1,52.1,0,2,
102,3,0,0,1,1,9.2,5,6.5,5.2,5.2,6.5,6.2,7.3,6.8,8.6,5.1,4.6,4.2,8.7,9.1,7.1,71.1,1,5,
103,2,1,0,1,1,7.7,4.7,4.7,4.7,5.2,5.2,7,7.7,5.9,5.4,4,4.7,3.7,6.1,7,7.6,59.1,1,4,
104,1,1,1,0,1,9.5,5.6,0.4,5.5,5.6,6.9,6.6,7.6,3.8,4.4,5.6,4.5,4.4,8.4,9.4,9,58.1,1,2,
105,2,0,1,1,0,6.5,4.3,5,6.8,4.7,6.3,6,8.7,6.1,6.9,5,5.6,4.6,7.9,8.4,8.9,66.1,1,3,
106,2,1,1,1,0,8.3,3.4,2.8,5.9,3.4,4.6,5.2,9.1,5.8,5.2,4.2,5.8,3.9,7,7,7.5,61.1,0,4,
107,3,0,1,0,1,9.6,4.1,5.5,6.5,4.8,7.7,5.5,7.7,6.9,5.5,4.4,4.6,4.9,8.7,7.6,9.3,77.1,1,5,
108,2,1,1,1,0,5.9,4,6.8,8.7,6,5.9,6.2,8.4,6.3,5.3,5.8,7.5,5.4,7.9,7.9,8,62.1,0,4,
109,2,0,0,0,1,8.7,3.7,1.5,5.5,4.6,7.4,4.8,3.8,3.9,5.7,4.6,3.5,4.2,7.1,7.3,7.6,61.1,0,3,
110,1,1,0,0,0,6.7,3.2,3.4,5.5,2.3,6.3,4.5,5,5.4,6.5,3.8,2.6,3.1,5.8,5.3,7.1,43.1,0,2,
111,3,1,0,0,1,9.7,5,5.5,7.1,3.4,7.5,6.1,6.7,6.9,5.2,3.7,3.4,4.1,8.4,7.1,8.1,66.1,0,6,
112,3,1,0,0,1,8.8,3.5,6.7,6.6,3.3,8.1,4.5,6.7,7.2,2.7,4,2.3,3.9,7.1,6.3,7.9,69.1,0,6,
113,2,1,1,1,0,8.2,3.6,8.9,5.2,4.5,4.9,5,9,7.8,4.3,4.5,6.9,4.5,7.6,8.3,7.2,65.1,1,4,
114,3,0,1,1,1,8.9,4.3,4.8,5.6,6.3,5.1,6.9,8.2,5.6,6.7,4.2,5.9,4.2,7.3,7,7.7,65.1,0,5,
115,2,0,1,1,1,8.4,3.8,8.6,4.9,3.2,4.7,5.9,6.7,7.9,6.6,4,5,3.6,8,8.8,7.9,63.1,1,3,
116,2,1,0,1,1,7.7,4.7,4.1,5.4,4.3,5.2,7,7.7,5.3,7.4,5.1,4.7,3.7,6.1,6.9,6.9,59.1,0,4,
117,3,0,1,1,1,9.2,5,5.9,6.4,4.9,6.5,6.2,7.3,6.7,8.9,4.2,4.6,4.2,8.7,8,9.5,71.1,1,5,
118,1,1,1,1,0,7.3,3.6,4.5,4.1,5.4,5.2,6.1,8,5.4,3.7,2.8,3.3,2.9,5.8,6.4,7.5,46.1,0,2,
119,1,0,1,0,1,9,4.1,5.3,4.2,3,4.8,5,6,5.7,4.9,3.3,3.9,3.1,6.4,8.5,8,45.1,1,1,
120,1,0,1,1,0,8.1,2.5,3.2,3.9,4.1,5.1,3.8,6.6,5.4,6.2,2.6,3.5,3,6.4,5.9,7.1,51.1,0,1,
121,2,0,1,1,1,7.4,5.1,5,8.3,5,7.2,6.9,9.6,6.3,4.3,5.7,6.5,5.5,9,7.5,8.8,74.1,1,3,
122,2,1,1,1,0,7.9,3,5.5,6.2,4.3,4.2,4.8,9.7,5.5,4.6,4.8,5.4,3.5,6.4,6.5,8,57.1,0,4,
123,1,0,1,1,0,7.7,2.2,6.8,3.4,2.4,4.7,3.4,6.2,6.7,4.3,3.2,3.1,2.6,6,6.4,7.7,47.1,0,1,
124,3,0,1,1,1,9.4,2.5,6.4,7,3.2,7.3,4.6,6.3,6.5,5.4,5.8,4.6,4.6,8.7,7.9,8.2,66.1,1,5,
125,1,1,1,1,0,7.2,4.3,4.1,4.2,3.9,3.4,4.7,10,5.5,3.6,3.2,4.1,2.5,5,6.1,6.5,52.1,0,2,
126,2,0,0,0,1,8.3,3.7,4.9,4,5.3,6.1,6.1,5.3,5.8,7.4,4.1,2.9,3.1,7.4,8,8.1,54.1,1,3,
127,3,1,0,0,0,7.9,3.9,4.1,6.6,4.9,6.9,5.8,4.7,6,6.7,4.6,4.2,4.3,8.6,6.5,8.1,61.1,1,6,
128,1,1,1,1,0,7.3,3.6,8.5,4,3.6,5.2,6.1,8,7.3,2.9,3.3,3.3,2.9,5.8,6,6.9,46.1,0,2,
129,3,1,1,1,1,9.6,5.7,6.1,6.2,5.6,8.2,7.8,4.5,7.1,4.8,4.4,3,4.3,9.8,8.1,9.3,70.1,1,6,
130,1,0,0,0,0,8.3,2.8,4.8,2.6,3,5.7,2.5,5.2,5.4,2.8,1.2,2.5,2.1,4.8,5,6.2,47.1,0,1,
131,2,0,0,0,1,8.6,3.6,7.5,6.1,2.9,7.3,4.7,3.7,7.3,5.2,5,3.4,4,7,6.9,8,60.1,1,3,
132,3,1,0,0,0,8,2.5,3.9,6.9,3.4,7.7,3,5.2,5.4,6.8,4.6,4.2,4.7,5.5,5.6,7.1,65.1,0,6,
133,1,1,0,1,0,6.4,3.2,4.3,1.5,2.2,2.9,5,8.4,6,7,2.4,3.7,1.6,5,5.1,6.5,37.1,0,2,
134,1,0,1,1,0,6.6,3.8,5.1,6.3,3.2,5.3,6.6,8.2,6.4,2.9,4.3,4.1,3.3,6,6.9,7.1,53.1,0,1,
135,2,0,1,0,1,7.6,2.5,5.1,6,3.2,7.1,4.2,5.8,5.4,6.2,3.6,3.8,4.2,8,7.5,8.2,51.1,0,3,
136,3,1,0,0,1,9.4,4.1,6,5.6,3.4,7.8,4.7,7.6,6.5,6,5.1,3.7,4.4,7.9,7.1,7,75.1,1,6,
137,1,0,0,0,0,8.3,2.8,2.4,3.1,3,5.7,2.5,5.2,4.8,4.2,1.8,2.5,2.1,4.8,5.8,6.7,47.1,0,1,
138,2,1,0,1,1,7.8,4.9,6.4,5.7,5.8,5.3,7.1,7.9,6.4,5.2,4.1,4.9,3.9,6.4,6.6,7.5,61.1,1,4,
139,1,1,1,1,0,7.1,4.2,5.8,3.3,2.8,3.3,4.5,9.9,6.2,3.1,2.8,4,2.4,4.8,6.1,7.4,51.1,0,2,
140,1,0,0,1,1,7.6,3.6,4.5,4.8,2.2,4.6,5,7.4,6.4,5.3,4.4,5.8,3.9,6.4,6.8,7.4,49.1,0,1,
141,2,1,1,1,0,5.6,3.4,3.8,6.3,5.2,5.7,5.6,9.1,5.8,6,4.5,6,4.5,6.8,6.5,7.9,55.1,0,4,
142,3,1,1,0,0,9.9,2.8,6.1,5.8,1.5,5.8,3.5,5.4,5.9,6.8,4,4.9,4,7.9,8.3,8,61.1,1,6,
143,3,0,1,1,1,9.2,3.4,7.7,6.9,4.9,7.4,5.8,4.5,7.2,6.1,4.2,4,4.5,8.9,9.4,8,72.1,1,5,
144,3,1,0,0,0,9.1,3.8,4.9,5.1,3.1,7.5,4.5,7.3,5.7,5.2,4.5,3.4,4.2,7.4,6.6,8.4,72.1,0,6,
145,3,1,0,0,0,9.9,4.2,5.2,5.4,3.4,5.4,4.5,3.8,6.2,8,3.8,4,3.5,7,7.6,8.8,66.1,1,6,
146,3,1,0,0,1,9.9,4.2,1.2,4.1,3.2,5.4,4.5,3.8,4.9,6.2,4.1,4,3.5,7,7.8,7.9,66.1,1,6,
147,1,0,0,1,0,6.6,3.8,3,4.7,4.5,5.3,6.6,8.2,5.8,3.5,4.6,4.1,3.3,6,6,6,53.1,0,1,
148,3,1,0,0,0,9.1,3.7,3.5,4.7,4.1,6.3,5.4,7.3,5.9,6.5,3.7,3,3.3,7.4,6,8.2,58.1,1,6,
149,2,1,1,1,1,5.1,5.1,4.4,6.2,5.8,5.4,7.8,5.9,5.4,3.9,5.1,6.3,4.5,7.6,9.1,8.4,55.1,1,4,
150,1,0,1,1,0,6,4.1,7.2,5.8,4.8,5.3,5.3,8,6.4,3.6,4.3,5.3,4,4.8,5,7.4,55.1,0,1,
151,3,0,0,1,0,8.9,4.3,6.5,5.7,4.3,5.1,6.9,8.2,7.1,3.8,5,5.9,4.2,7.3,5.8,8,65.1,0,5,
152,2,0,1,1,0,6.2,3.3,3.5,5.4,4,3.6,5.1,6.9,4.8,4.7,4,6.3,3.7,6.3,5.9,6.6,56.1,0,3,
153,1,1,0,1,0,7.2,4.3,3.7,3.8,3.6,3.4,4.7,10,4.5,2.9,3,4.1,2.5,5,5.3,7.6,52.1,0,2,
154,3,1,0,0,1,8.8,3.5,8.5,5.4,2.8,8.1,4.5,6.7,8,5.6,4.1,2.3,3.9,7.1,6.8,7.5,69.1,0,6,
155,1,0,1,1,0,6.3,5.1,4.7,5.3,3.7,4.1,6.6,8.4,6.3,4.2,4.4,5.1,3.4,6.3,6.1,7.1,55.1,0,1,
156,3,0,0,0,0,9.7,2.8,3.7,5.8,3.7,5.7,4.7,4.8,4.8,1.6,4,4.1,3.6,6.8,5.9,7.9,61.1,0,5,
157,1,0,1,1,0,5,3.6,6.7,4.4,4.1,4.2,4.9,8.2,6.4,4,3.7,4.8,3.1,5.2,5.3,7.6,48.1,0,1,
158,1,0,0,1,1,7.4,3.4,6.1,4.3,5.8,4.4,4.8,7.2,6.1,5.1,4,5.6,3.7,6.3,5.6,7.1,48.1,0,1,
159,2,1,0,1,1,5.5,3.7,7.4,5.7,4.5,5.3,4.9,6,7.6,6,4.3,5.9,4.3,6.1,6.1,7.6,48.1,0,4,
160,2,1,0,0,1,9.1,3.6,6.4,4.8,3,6.2,4.6,8.3,7,6.1,4.6,4.3,3.9,7.3,7.4,8.2,59.1,1,4,
161,1,1,0,1,0,6.7,3.7,6,4.9,5.1,5.1,4.9,9.2,6.5,5.6,3.7,4.5,3.4,5.4,5.3,6.9,44.1,0,2,
162,2,0,1,1,1,6.3,4.5,8.6,6.4,4.9,6.8,5.9,8.8,8.4,6.5,6.4,6.2,5.2,8,7,8.1,62.1,1,3,
163,2,0,0,0,1,8.3,3.7,6,4.9,5.7,6.1,6.1,5.3,6.6,5.5,3.6,2.9,3.1,7.4,7,7.6,54.1,0,3,
164,2,0,0,0,1,8.2,3.6,4.9,4,4.7,6,6,5.2,5.6,5.9,4.7,2.8,3,7.3,7.1,8.4,53.1,0,3,
165,2,0,0,0,1,8.2,3.6,4.3,4,5.8,6,6,5.2,5.6,6.2,4,2.8,3,7.3,6.8,7.4,53.1,0,3,
166,1,0,0,0,1,9,4.1,6.6,4.4,3.3,4.8,5,6,6.6,5.6,4.3,3.9,3.1,6.4,5.9,7.9,45.1,0,1,
167,1,1,1,1,0,7.1,3.4,5.9,3.7,3.8,5,5.9,7.8,6.1,7.2,3.6,3.1,2.7,5.7,6.1,7.2,44.1,0,2,
168,1,1,1,1,0,6.9,3.7,5.3,3.4,3.3,2.3,5.4,8.9,6.6,3.4,2.7,4.2,2,5.7,6.6,7.6,41.1,0,2,
169,2,0,0,0,1,8.6,2.9,4.5,4,2.8,5.6,4,6.3,6.1,5.1,4,3,3,6.6,6.5,6.7,53.1,0,3,
170,1,0,1,1,0,6.7,4,4.5,4.3,4.2,5.4,6.8,8.4,6.1,4,3.8,4.3,3.5,6.3,7.1,7.4,54.1,0,1,
171,1,1,1,1,0,7,3.3,4.9,5.6,4,4.8,4.2,9,5.5,5.3,3.3,5.2,3.7,5.4,7,6.2,55.1,0,2,
172,3,1,0,0,0,9.7,2.6,6.2,5.8,2.1,5.6,3.3,5.2,6.7,8.4,4.5,4.7,3.8,7.4,7,7.5,59.1,1,6,
173,3,0,0,0,1,9.9,3.7,4.8,5.3,4.6,7,6.7,6.8,6.7,8,5,3.4,3.9,8.6,7.3,7.4,66.1,1,5,
174,1,1,0,0,1,8.6,4.8,5.5,4.2,3.3,6,5.7,6.7,6.2,2.8,4.8,3.6,3.6,7.3,6.4,7.9,50.1,0,2,
175,1,0,1,1,0,6.3,5.1,5.4,4.7,5.5,4.1,6.6,8.4,5.7,2.4,2.8,5.1,3.4,6.3,5.8,6.5,55.1,0,1,
176,3,0,1,1,1,9.9,3.7,7.3,4.2,6.1,7,6.7,6.8,6.4,5.2,4.3,3.4,3.9,8.7,8.5,8.6,67.1,1,5,
177,3,0,1,0,1,9.3,2.4,5.3,5.8,2.6,7.2,4.5,6.2,6.5,4.1,4,4.4,4.5,8.6,8,8.6,65.1,1,5,
178,3,1,1,0,1,9.7,5,6.3,5.8,5.2,7.5,6.1,6.7,7.5,6.1,4.9,3.4,4.1,8.4,7.8,8,66.1,1,6,
179,3,1,0,0,0,9.7,2.6,6.1,5.3,2.4,5.6,3.3,5.2,5.5,7.1,4.6,4.7,3.8,7.4,6,8.1,59.1,0,6,
180,3,1,1,0,1,9.6,5.7,4.9,6.1,6.9,8.3,7.8,4.5,5.4,6.2,4,3,4.3,9.9,8.1,8.2,70.1,1,6,
181,2,0,0,0,1,7.6,2.5,6.5,6.3,3.8,7.1,4.2,5.8,6.9,5.5,4.4,3.8,4.2,8,7.1,7.2,51.1,0,3,
182,3,1,0,0,0,9.4,4.1,5.2,6.4,4.8,7.8,4.7,7.6,5.8,6.5,4.7,3.7,4.4,7.9,8.1,8.4,75.1,1,6,
183,3,1,1,1,1,9.6,5.7,6.6,6.7,5.1,8.2,7.8,4.5,6.6,5.6,4.6,3,4.3,9.8,9,9.4,70.1,1,6,
184,3,0,1,1,1,9.3,5.1,5.5,5.8,5.6,6.6,6.3,7.4,6.3,5.7,4.4,4.6,4.3,8.9,8,9.4,72.1,1,5,
185,3,0,0,0,0,9.7,2.8,4.4,5.1,3.8,5.7,4.7,4.8,5.8,6.3,4.7,4.1,3.6,6.8,6.3,7.5,61.1,0,5,
186,3,1,0,0,1,9.1,3.8,3.4,7.1,3,7.5,4.5,7.3,4.9,5.1,6,3.4,4.2,7.4,6.9,6.6,72.1,0,6,
187,1,1,0,1,0,6.5,2.8,0.6,5.2,2.5,4.3,3.7,8.5,4.3,4.8,4.3,4.7,3.3,4.7,4,4.3,50.1,0,2,
188,1,0,1,1,0,6.6,3.6,4,4,1.7,4.7,4.8,7.2,4.7,4.8,3.2,3.6,2.8,5.4,7.4,6.6,48.1,0,1,
189,2,1,1,1,0,5.8,3.6,6.9,6.6,5.1,5.9,5.8,9.3,7.1,3.4,5.9,6.1,4.6,7,6.6,7.4,56.1,0,4,
190,2,0,0,0,1,8.7,3.7,3,5.6,4.2,7.4,4.8,3.8,5.4,3.6,5.5,3.5,4.2,7.1,6.5,7.1,61.1,1,3,
191,1,0,0,0,1,8.8,3.9,5.4,4.2,3.4,4.7,4.8,5.8,6.9,5.8,3.8,3.7,2.9,6.3,7.9,6.7,44.1,1,1,
192,1,0,1,1,0,6.4,4.5,2.5,5.8,4,5.7,5.7,8.4,4.7,5,4,5.8,4.4,5.5,5.6,6.7,59.1,0,1,
193,1,0,0,1,0,6.7,3.6,0.5,3.2,3.3,4.7,4.8,7.2,4.3,5,2.9,3.6,2.8,5.4,4.5,7.2,48.1,0,1,
194,1,0,1,1,0,5.2,3.8,5.5,4.7,3.3,4.3,5,8.4,6.1,3.6,4.3,4.9,3.3,5.4,6.5,7.1,50.1,0,1,
195,1,1,0,1,0,6.4,3.3,2.7,4,5.3,4.7,4.5,8.8,3.7,7,3.6,4.1,3,4.8,5.5,6,40.1,0,2,
196,3,1,1,0,0,7.6,3.6,2.1,5.2,4.8,6.6,5.4,4.4,4.3,6.8,4.4,3.9,4,8.2,6.9,8.4,58.1,1,6,
197,2,1,1,1,0,5.9,4,3.3,7.8,3.3,5.9,6.2,8.4,5.2,6.6,6,7.5,5.4,7.9,7.8,8.6,62.1,1,4,
198,3,1,1,1,1,9.7,5,7.9,6.3,5.3,7.6,6.1,6.8,6.6,5.2,4.4,3.5,4.2,8.6,8.8,7.9,66.1,1,6,
199,2,1,1,1,1,5.5,5.5,6.9,6.6,6.5,5.7,8.2,6.3,7,5.3,5.9,6.7,4.9,8.2,7.1,7.6,59.1,1,4,
200,3,1,0,1,1,9.7,5,5.6,5.9,5.3,7.6,6.1,6.8,6.9,1.2,4.3,3.5,4.2,8.6,8.1,8.5,66.1,1,6,
